id_venta,fecha,cliente_email,cliente_nombre,producto,categoria,cantidad,precio_unitario,estado
V000001,2026-10-01,ana.ruiz@mail.com,Ana Ruiz,Ratón,Informática,3,19.90,pagado
V000002,2026-10-01,marta.soto@mail.com,Marta Soto,Monitor,Informática,1,189.00,pendiente
V000003,2026-10-01,  ANA.RUIZ@Mail.com ,ana ruiz,Auriculares,Audio,1,59.00,pendiente
V000004,2026-10-01,pablo.vega@mail.com,Pablo Vega,Monitor,Informática,1,189.00,pagado
V000005,2026-10-01,pablo.vega@mail.com,Pablo Vega,Auriculares,Audio,4,59.00,enviado
V000006,2026-10-01,marta.soto@mail.com,Marta Soto,Portátil,Informática,4,899.00,enviado
V000007,2026-10-01,marta.soto@mail.com,Marta Soto,Silla,Hogar,2,119.00,enviado
V000008,2026-10-01,luis.gil@mail.com,Luis Gil,Ratón,Informática,4,19.90,pendiente
V000009,2026-10-01,raul.nieto@mail.com,Raúl Nieto,Lámpara,Hogar,3,29.90,pendiente
V000010,2026-10-01,elena.rey@mail.com,Elena Rey,Altavoz,Audio,1,79.00,cancelado
V000011,2026-10-01,elena.rey@mail.com,Elena Rey,Ratón,Informática,3,19.90,enviado
V000012,2026-10-01,luis.gil@mail.com,Luis Gil,Monitor,Informática,1,189.00,pagado
V000013,2026-10-01,luis.gil@mail.com,Luis Gil,Silla,Hogar,2,119.00,pendiente
V000014,2026-10-01,sara.leon@mail.com,Sara León,Auriculares,Audio,4,59.00,enviado
V000015,2026-10-01,raul.nieto@mail.com,Raúl Nieto,Teclado,Informática,3,44.50,pagado
V000016,2026-10-01,luis.gil@mail.com,Luis Gil,Silla,Hogar,2,119.00,pagado
V000017,2026-10-01,diego.sanz@mail.com,Diego Sanz,Teclado,Informática,4,44.50,enviado
V000018,2026-10-01,raul.nieto@mail.com,Raúl Nieto,Monitor,Informática,1,189.00,pagado
V000019,2026-10-01,raul.nieto@mail.com,Raúl Nieto,Portátil,Informática,4,899.00,enviado
V000020,2026-10-01,pablo.vega@mail.com,Pablo Vega,Ratón,Informática,3,19.90,pagado
V000021,2026-10-01,lucia.mora@mail.com,Lucía Mora,Altavoz,Audio,4,79.00,pagado
V000022,2026-10-01,marta.soto@mail.com,Marta Soto,Silla,Hogar,2,119.00,enviado
V000023,2026-10-01,hugo.cano@mail.com,Hugo Cano,Auriculares,Audio,4,59.00,enviado
V000024,2026-10-01,marta.soto@mail.com,Marta Soto,Monitor,Informática,4,189.00,pendiente
V000025,2026-10-01,luis.gil@mail.com,Luis Gil,Portátil,Informática,2,899.00,pagado
V000026,2026-10-01,hugo.cano@mail.com,Hugo Cano,Auriculares,Audio,1,59.00,cancelado
V000027,2026-10-01,hugo.cano@mail.com,Hugo Cano,Auriculares,Audio,4,59.00,enviado
V000028,2026-10-01,luis.gil@mail.com,Luis Gil,Portátil,Informática,3,899.00,enviado
V000029,2026-10-01,sara.leon@mail.com,Sara León,Ratón,Informática,4,19.90,pagado
V000030,2026-10-01,ana.ruiz@mail.com,Ana Ruiz,Altavoz,Audio,3,79.00,pagado
V000031,2026-10-01,sara.leon@mail.com,Sara León,Ratón,Informática,2,19.90,pagado
V000032,2026-10-01,marta.soto@mail.com,Marta Soto,Lámpara,Hogar,1,29.90,enviado
V000033,2026-10-01,ana.ruiz@mail.com,Ana Ruiz,Altavoz,Audio,1,79.00,enviado
V000034,2026-10-01,pablo.vega@mail.com,Pablo Vega,Silla,Hogar,1,119.00,pagado
V000035,2026-10-01,luis.gil@mail.com,Luis Gil,Ratón,Informática,4,19.90,pendiente
V000036,2026-10-01,marta.soto@mail.com,Marta Soto,Teclado,Informática,4,44.50,pagado
V000037,2026-10-01,elena.rey@mail.com,Elena Rey,Silla,Hogar,4,119.00,pagado
V000038,2026-10-01,sara.leon@mail.com,Sara León,Monitor,Informática,4,189.00,enviado
V000039,2026-10-01,elena.rey@mail.com,Elena Rey,Altavoz,Audio,4,79.00,pendiente
V000040,2026-10-01,pablo.vega@mail.com,Pablo Vega,Monitor,Informática,1,189.00,enviado
V000041,2026-10-01,pablo-vega.mail.com,Pablo Vega,Ratón,Informática,1,19.90,pagado
V000042,2026-10-01,luis.gil@mail.com,Luis Gil,Teclado,Informática,-2,44.50,pagado
V000043,2026-13-45,marta.soto@mail.com,Marta Soto,Silla,Hogar,1,119.00,pendiente
,2026-10-01,sara.leon@mail.com,Sara León,Lámpara,Hogar,1,29.90,pagado
V000005,2026-10-01,pablo.vega@mail.com,Pablo Vega,Auriculares,Audio,4,59.00,enviado
